image,plate_type,plate_located,province_box
plate_00120.jpg,car,1,1
plate_00135.jpg,car,1,1
plate_00169.jpg,car,1,1
plate_00472.jpg,car,1,1
plate_00561.jpg,car,1,0
plate_00563.jpg,car,0,
plate_00700.jpg,car,1,1
plate_00736.jpg,car,1,1
plate_00743.jpg,car,1,1
plate_00783.jpg,car,1,0
plate_00997.jpg,car,1,1
plate_00999.jpg,car,0,
plate_01133.jpg,car,1,0
plate_01160.jpg,car,0,
plate_01168.jpg,car,1,0
plate_01481.jpg,car,1,1
plate_01506.jpg,car,1,1
plate_01528.jpg,car,1,1
plate_01603.jpg,car,1,1
plate_01818.jpg,car,0,
plate_02013.jpg,car,1,1
plate_02106.jpg,car,,
plate_02109.jpg,car,1,1
plate_02255.jpg,car,1,1
plate_02622.jpg,car,1,1
plate_02704.jpg,car,1,1
plate_03078.jpg,car,1,1
plate_03237.jpg,car,1,1
plate_03307.jpg,car,0,
plate_03448.jpg,car,1,1
plate_03574.jpg,car,1,1
plate_03674.jpg,car,1,1
plate_03881.jpg,car,1,1
plate_03925.jpg,car,1,1
plate_03927.jpg,car,1,1
plate_03928.jpg,car,1,1
plate_03938.jpg,car,1,0
plate_03998.jpg,car,1,1
plate_04170.jpg,car,1,1
plate_04199.jpg,car,0,
plate_04422.jpg,motorcycle,0,
plate_04506.jpg,motorcycle,0,
plate_04649.jpg,car,1,1
plate_04714.jpg,motorcycle,1,1
plate_04763.jpg,car,1,1
plate_04796.jpg,car,0,
plate_04800.jpg,car,1,1
plate_04823.jpg,car,1,1
plate_04869.jpg,car,1,1
plate_04923.jpg,car,0,
plate_05017.jpg,car,1,1
plate_05063.jpg,car,1,1
plate_05085.jpg,car,1,1
plate_05126.jpg,motorcycle,0,
plate_05189.jpg,car,1,1
plate_05250.jpg,car,1,1
plate_05554.jpg,motorcycle,1,1
plate_05561.jpg,car,1,0
plate_05571.jpg,car,0,
plate_05752.jpg,car,,
plate_05762.jpg,car,1,1
plate_05777.jpg,motorcycle,1,1
plate_05868.jpg,car,,
plate_05876.jpg,motorcycle,0,
plate_05968.jpg,car,1,1
plate_06175.jpg,motorcycle,1,1
plate_00018.jpg,motorcycle,1,1
plate_00041.jpg,car,1,1
plate_00065.jpg,car,1,1
plate_00068.jpg,car,1,1
plate_00077.jpg,car,1,0
plate_00559.jpg,car,1,1
plate_00578.jpg,car,0,
plate_00606.jpg,car,1,1
plate_00702.jpg,car,,
plate_00781.jpg,car,1,1
plate_01185.jpg,car,1,1
plate_01286.jpg,car,,
plate_01567.jpg,car,1,0
plate_01619.jpg,car,0,
plate_01704.jpg,car,1,1
plate_01721.jpg,car,1,1
plate_01725.jpg,car,,
plate_01742.jpg,car,1,0
plate_01803.jpg,car,,
plate_01832.jpg,car,1,1
plate_01906.jpg,car,1,1
plate_01911.jpg,car,1,0
plate_01944.jpg,car,,
plate_02164.jpg,car,1,1
plate_02342.jpg,car,0,
plate_02350.jpg,car,,
plate_02491.jpg,car,,
plate_02957.jpg,car,1,1
plate_03016.jpg,car,1,1
plate_03169.jpg,car,,
plate_03198.jpg,car,1,1
plate_03299.jpg,car,1,1
plate_03444.jpg,car,1,1
plate_03479.jpg,car,1,1
plate_03552.jpg,car,1,1
plate_03600.jpg,car,,
plate_03621.jpg,car,1,1
plate_03636.jpg,car,1,1
plate_03661.jpg,car,1,1
plate_03681.jpg,car,1,1
plate_03724.jpg,car,0,
plate_03976.jpg,motorcycle,,
plate_03997.jpg,car,1,1
plate_04062.jpg,car,1,1
plate_04070.jpg,motorcycle,1,1
plate_04076.jpg,motorcycle,,
plate_04152.jpg,motorcycle,,
plate_04201.jpg,car,0,
plate_04237.jpg,car,1,1
plate_04249.jpg,motorcycle,,
plate_04251.jpg,motorcycle,1,1
plate_04359.jpg,motorcycle,0,
plate_04400.jpg,motorcycle,,
plate_04453.jpg,motorcycle,1,1
plate_04531.jpg,motorcycle,0,
plate_04536.jpg,motorcycle,0,
plate_04562.jpg,car,1,1
plate_04663.jpg,motorcycle,1,1
plate_04671.jpg,motorcycle,0,
plate_04677.jpg,motorcycle,1,1
plate_04682.jpg,motorcycle,1,1
plate_04719.jpg,motorcycle,0,
plate_04758.jpg,motorcycle,,
plate_04785.jpg,car,,
plate_04812.jpg,motorcycle,0,
plate_04865.jpg,car,1,1
plate_04883.jpg,motorcycle,0,
plate_04910.jpg,car,1,1
plate_04957.jpg,motorcycle,1,1
plate_04971.jpg,motorcycle,0,
plate_04973.jpg,car,1,1
plate_05156.jpg,motorcycle,1,1
plate_05224.jpg,motorcycle,0,
plate_05289.jpg,motorcycle,1,1
plate_05317.jpg,motorcycle,,
plate_05320.jpg,motorcycle,0,
plate_05333.jpg,motorcycle,1,1
plate_05385.jpg,motorcycle,1,1
plate_05390.jpg,motorcycle,0,
plate_05433.jpg,motorcycle,0,
plate_05443.jpg,motorcycle,1,1
plate_05474.jpg,motorcycle,0,
plate_05499.jpg,motorcycle,1,1
plate_05503.jpg,motorcycle,1,1
plate_05505.jpg,motorcycle,0,
plate_05509.jpg,motorcycle,0,
plate_05530.jpg,motorcycle,1,1
plate_05558.jpg,motorcycle,0,
plate_05566.jpg,motorcycle,1,1
plate_05585.jpg,motorcycle,0,
plate_05666.jpg,motorcycle,,
plate_05667.jpg,motorcycle,1,1
plate_05750.jpg,car,1,1
plate_05780.jpg,motorcycle,1,1
plate_05784.jpg,motorcycle,,
plate_05795.jpg,motorcycle,,
plate_05810.jpg,car,0,
plate_05821.jpg,motorcycle,1,1
plate_05831.jpg,motorcycle,0,
plate_05846.jpg,motorcycle,,
plate_05955.jpg,motorcycle,1,1
plate_06033.jpg,motorcycle,0,
plate_06038.jpg,motorcycle,1,1
plate_06094.jpg,motorcycle,1,0
plate_06114.jpg,motorcycle,1,1
plate_06150.jpg,motorcycle,0,
plate_06162.jpg,motorcycle,1,0
plate_00001.jpg,car,0,
plate_00038.jpg,car,1,1
plate_00352.jpg,car,1,0
plate_00807.jpg,car,1,0
plate_00866.jpg,car,1,0
plate_00933.jpg,car,1,1
plate_00995.jpg,car,,
plate_01038.jpg,car,1,1
plate_01546.jpg,car,1,1
plate_01915.jpg,car,1,1
plate_02256.jpg,car,,
plate_02695.jpg,car,1,0
plate_02771.jpg,car,,
plate_02805.jpg,car,,
plate_03194.jpg,car,0,
plate_03611.jpg,car,1,1
plate_03625.jpg,car,1,1
plate_03700.jpg,car,1,1
plate_04945.jpg,car,1,1
plate_05056.jpg,motorcycle,0,
plate_05269.jpg,motorcycle,1,1
plate_05432.jpg,car,1,1
plate_05720.jpg,motorcycle,1,1
plate_05912.jpg,motorcycle,1,0
plate_06062.jpg,motorcycle,1,0
plate_02368.jpg,car,1,0
plate_02506.jpg,car,1,1
plate_02739.jpg,car,1,1
plate_02960.jpg,car,1,0
plate_03995.jpg,car,1,1
plate_04498.jpg,car,1,1
plate_06040.jpg,motorcycle,1,1
